molecule_chembl_id,canonical_smiles,bioactivity_class,value,MW,ALogP,PSA,NumHDonors,NumHAcceptors,pIC50
CHEMBL194398,CCOC(=O)/C=C/[C@H](C[C@@H]1CCNC1=O)NC(=O)[C@@H](CC(=O)[C@@H](NC(=O)c1cc(C)on1)C(C)C)Cc1ccccc1,inactive,870.0,580.6820000000004,2.6858200000000014,156.7,3.0,8.0,3.0604807473813813
CHEMBL393608,CCOC(=O)/C=C/[C@H](C[C@@H]1CCNC1=O)NC(=O)[C@H](CC(C)C)NC(=O)[C@@H](NC(=O)c1cc(C)on1)C(C)C,inactive,200.0,547.6530000000002,1.3986200000000035,168.72999999999996,4.0,8.0,3.6989700043360187
CHEMBL238216,CCOC(=O)/C=C/[C@H](C[C@@H]1CCNC1=O)NC(=O)[C@H](Cc1ccccc1)NC(=O)[C@@H](NC(=O)c1cc(C)on1)C(C)C,inactive,300.0,581.6700000000001,1.5952200000000034,168.72999999999996,4.0,8.0,3.5228787452803374
CHEMBL235873,CCOC(=O)/C=C/[C@H](C[C@@H]1CCNC1=O)NC(=O)[C@H](Cc1ccccc1)NC(=O)[C@@H](NC(=O)[C@H](CO)NC(=O)OC(C)(C)C)C(C)C,inactive,15.0,659.7810000000001,0.870600000000006,201.25999999999996,6.0,9.0,4.823908740944319
CHEMBL397154,CCOC(=O)/C=C/[C@H](C[C@@H]1CCNC1=O)NC(=O)[C@H](CC(C)C)NC(=O)[C@@H](NC(=O)[C@H](CO)NC(=O)OC(C)(C)C)C(C)C,inactive,10.0,625.764,0.6740000000000061,201.25999999999996,6.0,9.0,5.0
CHEMBL238217,CCOC(=O)/C=C/[C@H](C[C@@H]1CCNC1=O)NC(=O)[C@H](CC=C(C)C)CC(=O)[C@@H](NC(=O)[C@H](CO)NC(=O)OC(C)(C)C)C(C)C,inactive,80.0,636.7870000000001,2.0748000000000024,189.22999999999996,5.0,9.0,4.096910013008056
CHEMBL196635,CCOC(=O)/C=C/[C@H](C[C@@H]1CCNC1=O)NC(=O)[C@H](CC=C(C)C)CC(=O)[C@@H](NC(=O)c1cc(C)on1)C(C)C,inactive,800.0,558.6760000000003,2.7994200000000014,156.7,3.0,8.0,3.0969100130080562
CHEMBL492571,O=C(O)/C(O)=C/C(=O)c1cccc(NCc2ccccc2)c1,intermediate,5.4,297.31,3.007900000000002,86.63,3.0,4.0,5.267606240177032
CHEMBL522710,O=C(O)/C(O)=C/C(=O)c1cccc(NCc2ccc(Cl)cc2)c1,inactive,11.0,331.755,3.6613000000000016,86.63,3.0,4.0,4.958607314841775
CHEMBL492771,O=C(O)/C(O)=C/C(=O)c1cccc(OCc2ccc(Cl)cc2)c1,inactive,13.6,332.73900000000003,3.6282000000000023,83.83,2.0,4.0,4.866461091629782
CHEMBL492771,O=C(O)/C(O)=C/C(=O)c1cccc(OCc2ccc(Cl)cc2)c1,inactive,24.4,332.73900000000003,3.6282000000000023,83.83,2.0,4.0,4.61261017366127
CHEMBL492772,O=C(O)/C(O)=C/C(=O)c1ccccc1OCc1ccc(Cl)cc1,inactive,28.7,332.73900000000003,3.6282000000000023,83.83,2.0,4.0,4.542118103266008
CHEMBL492768,O=C(O)/C(O)=C/C(=O)c1ccc(OCc2ccccc2)cc1,inactive,39.9,298.294,2.974800000000002,83.83,2.0,4.0,4.399027104313252
CHEMBL492768,O=C(O)/C(O)=C/C(=O)c1ccc(OCc2ccccc2)cc1,inactive,41.3,298.294,2.974800000000002,83.83,2.0,4.0,4.384049948343599
CHEMBL492769,O=C(O)/C(O)=C/C(=O)c1ccc(OCc2ccc(Cl)cc2)cc1,inactive,50.0,332.73900000000003,3.6282000000000023,83.83,2.0,4.0,4.301029995663981
CHEMBL492770,O=C(O)/C(O)=C/C(=O)c1cccc(OCc2ccccc2)c1,inactive,50.0,298.294,2.974800000000002,83.83,2.0,4.0,4.301029995663981
CHEMBL499444,O=C(O)/C(O)=C/C(=O)c1ccccc1OCc1ccccc1,inactive,50.0,298.294,2.974800000000002,83.83,2.0,4.0,4.301029995663981
CHEMBL492772,O=C(O)/C(O)=C/C(=O)c1ccccc1OCc1ccc(Cl)cc1,inactive,50.0,332.73900000000003,3.6282000000000023,83.83,2.0,4.0,4.301029995663981
CHEMBL492571,O=C(O)/C(O)=C/C(=O)c1cccc(NCc2ccccc2)c1,inactive,50.0,297.31,3.007900000000002,86.63,3.0,4.0,4.301029995663981
CHEMBL522710,O=C(O)/C(O)=C/C(=O)c1cccc(NCc2ccc(Cl)cc2)c1,inactive,50.0,331.755,3.6613000000000016,86.63,3.0,4.0,4.301029995663981
CHEMBL492769,O=C(O)/C(O)=C/C(=O)c1ccc(OCc2ccc(Cl)cc2)cc1,inactive,50.0,332.73900000000003,3.6282000000000023,83.83,2.0,4.0,4.301029995663981
CHEMBL492770,O=C(O)/C(O)=C/C(=O)c1cccc(OCc2ccccc2)c1,inactive,50.0,298.294,2.974800000000002,83.83,2.0,4.0,4.301029995663981
CHEMBL499444,O=C(O)/C(O)=C/C(=O)c1ccccc1OCc1ccccc1,inactive,50.0,298.294,2.974800000000002,83.83,2.0,4.0,4.301029995663981
CHEMBL221366,O=C(Oc1cccnc1)c1cccs1,active,0.5,205.238,2.3623000000000003,39.19,0.0,4.0,6.301029995663981
CHEMBL541163,CCN1/C(=C\C=C\c2sc3ccc(-c4nc5ccccc5s4)cc3[n+]2CC)Sc2ccc(-c3nc4ccccc4s3)cc21.[Cl-],intermediate,2.5,667.3500000000003,7.252900000000007,32.900000000000006,0.0,7.0,5.6020599913279625
CHEMBL540403,CCN1C(c2ccccc2)=C(c2ccccc2)S/C1=C/C=C/c1sc2c3ccccc3ccc2[n+]1CC.[Cl-],intermediate,3.8,553.1960000000003,5.815200000000006,7.12,0.0,3.0,5.42021640338319
CHEMBL518593,C(\C1=C2Sc3ccccc3N2CC1)=C1/CC[n+]2c1sc1ccccc12,inactive,10.5,361.515,5.203500000000004,7.12,0.0,3.0,4.978810700930062
CHEMBL478119,CCN1/C(=C\C=C\C2=C/C(=C/c3sc4ccccc4[n+]3CC)CC(C)C2)Sc2ccccc21,intermediate,2.0,471.71500000000026,7.978200000000007,7.12,0.0,3.0,5.698970004336019
CHEMBL558828,CCC(=C\c1sc2cc(C)c(C)cc2[n+]1CC)/C=C1/Sc2cc(/C=C/c3ccccc3)ccc2N1CC.[Cl-],intermediate,6.6,559.2440000000001,6.266940000000009,7.12,0.0,3.0,5.180456064458132
CHEMBL478987,CCN1/C(=C\C=c2/s/c(=C\c3sc4ccccc4[n+]3CC)n(CC)c2=O)Sc2ccccc21,inactive,10.0,492.71500000000026,4.534700000000004,29.12,0.0,6.0,5.0
CHEMBL479172,CCC(=C\c1sc2c3ccccc3ccc2[n+]1CC)/C=C1/Sc2cc(C)c(C)cc2N1CC,intermediate,5.4,471.71500000000026,8.245740000000007,7.12,0.0,3.0,5.267606240177032
CHEMBL515787,CCN1/C(=C\C(=C/c2sc3ccccc3[n+]2CCCS(=O)(=O)[O-])OC)Sc2ccc(OC)cc21,intermediate,7.3,518.6820000000002,4.593600000000005,82.78000000000002,0.0,8.0,5.136677139879544
CHEMBL549646,O=c1cc(CNCc2ccc(Cl)cc2)oc2ccc(O)c(O)c12,inactive,50.0,331.7550000000001,3.147400000000002,82.7,3.0,5.0,4.301029995663981
CHEMBL549646,O=c1cc(CNCc2ccc(Cl)cc2)oc2ccc(O)c(O)c12,inactive,50.0,331.7550000000001,3.147400000000002,82.7,3.0,5.0,4.301029995663981
CHEMBL560136,O=c1cc(CNCc2cccc(Cl)c2)oc2ccc(O)c(O)c12,inactive,50.0,331.7550000000001,3.147400000000002,82.7,3.0,5.0,4.301029995663981
CHEMBL560136,O=c1cc(CNCc2cccc(Cl)c2)oc2ccc(O)c(O)c12,inactive,50.0,331.7550000000001,3.147400000000002,82.7,3.0,5.0,4.301029995663981
CHEMBL560392,N#Cc1cccc(CNCc2cc(=O)c3c(O)c(O)ccc3o2)c1,inactive,50.0,322.32,2.365680000000001,106.49000000000001,3.0,6.0,4.301029995663981
CHEMBL560392,N#Cc1cccc(CNCc2cc(=O)c3c(O)c(O)ccc3o2)c1,inactive,50.0,322.32,2.365680000000001,106.49000000000001,3.0,6.0,4.301029995663981
CHEMBL50,O=c1c(O)c(-c2ccc(O)c(O)c2)oc2cc(O)cc(O)c12,inactive,50.0,302.23800000000006,1.988,131.36,5.0,7.0,4.301029995663981
CHEMBL50,O=c1c(O)c(-c2ccc(O)c(O)c2)oc2cc(O)cc(O)c12,intermediate,8.1,302.23800000000006,1.988,131.36,5.0,7.0,5.0915149811213505
CHEMBL556501,O=c1c(O)c(-c2ccc3c(c2)OCO3)oc2cc(O)cc(O)c12,inactive,50.0,314.249,2.3055000000000008,109.36000000000001,3.0,7.0,4.301029995663981
CHEMBL556501,O=c1c(O)c(-c2ccc3c(c2)OCO3)oc2cc(O)cc(O)c12,inactive,50.0,314.249,2.3055000000000008,109.36000000000001,3.0,7.0,4.301029995663981
CHEMBL550256,O=c1c(O)c(-c2ccc(O)c(O)c2)oc2cc(OCc3ccc(Cl)cc3)cc(O)c12,inactive,20.9,426.80800000000016,4.514800000000003,120.36000000000001,4.0,7.0,4.679853713888946
CHEMBL550256,O=c1c(O)c(-c2ccc(O)c(O)c2)oc2cc(OCc3ccc(Cl)cc3)cc(O)c12,intermediate,4.1,426.80800000000016,4.514800000000003,120.36000000000001,4.0,7.0,5.3872161432802645
CHEMBL551130,O=c1c(O)c(-c2ccc(O)c(O)c2)oc2cc(OCc3cccc(Cl)c3)cc(O)c12,inactive,50.0,426.80800000000016,4.514800000000003,120.36000000000001,4.0,7.0,4.301029995663981
CHEMBL551130,O=c1c(O)c(-c2ccc(O)c(O)c2)oc2cc(OCc3cccc(Cl)c3)cc(O)c12,intermediate,5.2,426.80800000000016,4.514800000000003,120.36000000000001,4.0,7.0,5.2839966563652006
CHEMBL551131,N#Cc1cccc(COc2cc(O)c3c(=O)c(O)c(-c4ccc(O)c(O)c4)oc3c2)c1,inactive,25.4,417.3730000000001,3.733080000000002,144.14999999999998,4.0,8.0,4.5951662833800615
CHEMBL551131,N#Cc1cccc(COc2cc(O)c3c(=O)c(O)c(-c4ccc(O)c(O)c4)oc3c2)c1,intermediate,2.7,417.3730000000001,3.733080000000002,144.14999999999998,4.0,8.0,5.568636235841013
CHEMBL551334,O=c1c(O)c(-c2ccc3c(c2)OCO3)oc2cc(OCc3ccc(Cl)cc3)cc(O)c12,inactive,50.0,438.81900000000013,4.832300000000003,98.36000000000001,2.0,7.0,4.301029995663981
CHEMBL551334,O=c1c(O)c(-c2ccc3c(c2)OCO3)oc2cc(OCc3ccc(Cl)cc3)cc(O)c12,intermediate,9.3,438.81900000000013,4.832300000000003,98.36000000000001,2.0,7.0,5.031517051446065
CHEMBL560933,O=c1c(O)c(-c2ccc3c(c2)OCO3)oc2cc(OCc3cccc(Cl)c3)cc(O)c12,inactive,50.0,438.81900000000013,4.832300000000003,98.36000000000001,2.0,7.0,4.301029995663981
CHEMBL560933,O=c1c(O)c(-c2ccc3c(c2)OCO3)oc2cc(OCc3cccc(Cl)c3)cc(O)c12,inactive,15.4,438.81900000000013,4.832300000000003,98.36000000000001,2.0,7.0,4.8124792791635365
CHEMBL551529,N#Cc1cccc(COc2cc(O)c3c(=O)c(O)c(-c4ccc5c(c4)OCO5)oc3c2)c1,inactive,42.9,429.3840000000002,4.050580000000002,122.15,2.0,8.0,4.367542707815276
CHEMBL551529,N#Cc1cccc(COc2cc(O)c3c(=O)c(O)c(-c4ccc5c(c4)OCO5)oc3c2)c1,intermediate,8.1,429.3840000000002,4.050580000000002,122.15,2.0,8.0,5.0915149811213505
CHEMBL1448,O=C(Nc1ccc([N+](=O)[O-])cc1Cl)c1cc(Cl)ccc1O,inactive,40.0,327.12300000000005,3.859500000000001,92.47,2.0,4.0,4.3979400086720375
CHEMBL301982,CC1=C(O)C(=O)C=C2C1=CC=C1[C@@]3(C)CC[C@@]4(C)CC[C@@](C)(C(=O)O)C[C@H]4[C@]3(C)CC[C@@]21C,inactive,10.3,450.6190000000003,6.697700000000006,74.6,2.0,3.0,4.987162775294828
CHEMBL54804,COC(=O)[C@]1(C)CC[C@]2(C)CC[C@]3(C)C4=CC=C5C(=CC(=O)C(O)=C5C)[C@]4(C)CC[C@@]3(C)[C@@H]2C1,intermediate,5.5,464.64600000000036,6.786100000000007,63.60000000000001,1.0,4.0,5.259637310505756
CHEMBL432519,CC1=C(O)C(=O)C=C2C1=CC=C1[C@@]3(C)CC[C@@]4(C)CC(=O)[C@H](C)C[C@H]4[C@]3(C)CC[C@@]21C,intermediate,9.9,420.59300000000025,6.421900000000006,54.37,1.0,3.0,5.00436480540245
CHEMBL1092796,CC1=CC[C@]2(C)CC[C@]3(C)C4=CC=C5C(=CC(=O)C(O)=C5C)[C@]4(C)CC[C@@]3(C)[C@@H]2C1,intermediate,2.6,404.5940000000003,7.1630000000000065,37.3,1.0,2.0,5.585026652029182
CHEMBL1092797,Cc1c(O)c(O)cc2c1CC=C1[C@@]3(C)CC[C@@]4(C)CC[C@@](C)(C(=O)O)C[C@H]4[C@]3(C)CC[C@]12C,inactive,21.7,452.63500000000033,6.643920000000007,77.76,3.0,3.0,4.663540266151471
CHEMBL116438,COc1cc(/C=C/C(=O)/C=C(O)/C=C/c2ccc(O)c(OC)c2)ccc1O,inactive,23.5,368.3850000000001,3.852600000000003,96.22000000000001,3.0,6.0,4.628932137728263
CHEMBL1277944,O=C(O)c1ccc(/C=C2\C(=O)N(c3ccccc3)N=C2c2ccccc2)cc1,inactive,18.0,368.39200000000005,4.219300000000003,69.97,1.0,3.0,4.7447274948966935
CHEMBL1278125,O=C(O)c1ccc(/C=C2\C(=O)N(c3ccc(Cl)cc3)N=C2c2ccccc2)cc1,inactive,13.9,402.83700000000005,4.872700000000004,69.97,1.0,3.0,4.856985199745905
CHEMBL1276871,COc1ccc(N2N=C(c3ccccc3)/C(=C/c3ccc(C(=O)O)cc3)C2=O)cc1,inactive,12.0,398.4180000000002,4.227900000000003,79.19999999999999,1.0,4.0,4.920818753952375
CHEMBL1277046,N#Cc1ccc(N2N=C(c3ccccc3)/C(=C/c3ccc(C(=O)O)cc3)C2=O)cc1,intermediate,5.5,393.40200000000016,4.090980000000004,93.75999999999999,1.0,4.0,5.259637310505756
CHEMBL1277047,O=C(O)c1ccc(/C=C2\C(=O)N(c3ccc(OC(F)(F)F)cc3)N=C2c2ccccc2)cc1,inactive,42.0,452.38800000000003,5.117900000000003,79.2,1.0,4.0,4.376750709602099
CHEMBL1277135,O=C(O)c1ccc(/C=C2\C(=O)N(c3cccc(Cl)c3)N=C2c2ccccc2)cc1,inactive,10.8,402.83700000000005,4.872700000000004,69.97,1.0,3.0,4.966576244513051
CHEMBL1277136,O=C(O)c1ccc(/C=C2\C(=O)N(c3ccc(Cl)c(Cl)c3)N=C2c2ccccc2)cc1,inactive,24.3,437.2820000000001,5.526100000000005,69.97,1.0,3.0,4.614393726401688
CHEMBL1277227,O=C(O)c1ccc(/C=C2\C(=O)N(c3ccc(F)cc3)N=C2c2ccccc2)cc1,intermediate,6.8,386.38200000000006,4.358400000000003,69.97,1.0,3.0,5.167491087293763
CHEMBL1277228,O=C(O)c1ccc(/C=C2\C(=O)N(c3cccc([N+](=O)[O-])c3)N=C2c2ccccc2)cc1,intermediate,8.4,413.38900000000007,4.127500000000002,113.11,1.0,5.0,5.075720713938118
CHEMBL197310,CC(C)c1cc2c(cc1O)[C@@]1(C)CCC[C@@](C)(CO)[C@@H]1CC2,inactive,220.8,302.45799999999997,4.518200000000004,40.46,2.0,2.0,3.6560009309428385
CHEMBL1277661,CC(C)c1cc2c(cc1O)[C@@]1(C)CC[C@H](O)C(C)(C)[C@@H]1CC2,inactive,233.4,302.458,4.516600000000004,40.46,2.0,2.0,3.6318991482906484
CHEMBL197308,CC(C)c1cc2c(cc1O)[C@@]1(C)CCCC(C)(C)[C@@H]1CC2,inactive,49.6,286.459,5.545800000000005,20.23,1.0,1.0,4.304518323509803
CHEMBL1277662,CC(C)c1cc2c(cc1O)[C@@]1(C)CCC[C@@](C)(C=O)[C@@H]1CC2,inactive,163.2,300.442,4.7248000000000046,37.3,1.0,2.0,3.7872798455821575
CHEMBL1277754,CC(=O)Oc1cc2c(cc1C(C)C)CC[C@@H]1[C@]2(C)CCC[C@@]1(C)CO,inactive,128.9,344.4950000000002,4.737900000000005,46.53,1.0,3.0,3.889747082646597
CHEMBL12798,COC(=O)[C@]1(C)CCC[C@]2(C)c3ccc(C(C)C)cc3CC[C@H]21,inactive,207.0,314.4690000000001,4.993300000000005,26.3,0.0,2.0,3.684029654543082
CHEMBL512164,C=C[C@@]1(C)CC[C@H]2C(=CC[C@H]3[C@](C)(C(=O)O)CCC[C@]23C)C1,inactive,283.5,302.4580000000001,5.206200000000004,37.3,1.0,1.0,3.547446936771075
CHEMBL1277840,C=C1CC[C@H]2[C@](C)(CO)CCC[C@]2(C)[C@H]1CC/C(C)=C\CO,inactive,137.7,306.48999999999995,4.476400000000005,40.46,2.0,2.0,3.8610660597430764
CHEMBL63354,O=c1cc(-c2ccc(O)c(-c3c(O)cc(O)c4c(=O)cc(-c5ccc(O)cc5)oc34)c2)oc2cc(O)cc(O)c12,intermediate,8.3,538.4640000000002,5.134000000000007,181.8,6.0,10.0,5.080921907623926
CHEMBL378188,COc1ccc(-c2cc(=O)c3c(O)cc(O)cc3o2)cc1-c1c(O)cc(O)c2c(=O)cc(-c3ccc(O)cc3)oc12,inactive,72.3,552.4910000000003,5.437000000000006,170.8,5.0,10.0,4.140861702705469
CHEMBL377324,COc1cc(O)c2c(=O)cc(-c3ccc(OC)c(-c4c(O)cc(O)c5c(=O)cc(-c6ccc(O)cc6)oc45)c3)oc2c1,inactive,32.0,566.5180000000003,5.740000000000006,159.8,4.0,10.0,4.494850021680094
CHEMBL208908,COc1ccc(-c2cc(=O)c3c(O)cc(O)c(-c4cc(-c5cc(=O)c6c(O)cc(OC)cc6o5)ccc4OC)c3o2)cc1,inactive,38.4,580.5450000000003,6.043000000000007,148.8,3.0,10.0,4.4156687756324695
CHEMBL28,O=c1cc(-c2ccc(O)cc2)oc2cc(O)cc(O)c12,inactive,280.8,270.24,2.576800000000001,90.9,3.0,5.0,3.5516028965422324
CHEMBL151,O=c1cc(-c2ccc(O)c(O)c2)oc2cc(O)cc(O)c12,inactive,20.0,286.23900000000003,2.2824000000000004,111.13000000000001,4.0,6.0,4.698970004336019
CHEMBL50,O=c1c(O)c(-c2ccc(O)c(O)c2)oc2cc(O)cc(O)c12,inactive,23.8,302.23800000000006,1.988,131.36,5.0,7.0,4.623423042943488
CHEMBL71893,CC(C)C1=CC2=CC[C@H]3[C@](C)(C(=O)O)CCC[C@]3(C)[C@H]2CC1,inactive,189.1,302.458,5.206200000000004,37.3,1.0,1.0,3.72330847115496
CHEMBL1774322,Nc1nc(CSc2nnc(-c3cccc4ccccc34)n2-c2ccccc2)cs1,inactive,58.35,415.5470000000001,5.4185000000000025,69.62,1.0,7.0,4.233959139618611
CHEMBL1774323,COc1cc(C2C(C(=O)c3ccc(OCC(C)C)cc3C)=C(O)C(=O)N2CCN(C)C)ccc1O,inactive,62.79,482.5770000000003,3.883920000000003,99.54,2.0,7.0,4.202109516941651
CHEMBL1774324,Cc1nc(C)c(C(=O)C2=C(O)C(=O)N(CCCN3CCOCC3)C2c2cccc([N+](=O)[O-])c2)s1,inactive,101.38,486.55000000000024,2.9687400000000013,126.10999999999999,1.0,9.0,3.994047713112617
CHEMBL1774325,COc1cc(/C=N/NC(=O)/C(=C\c2ccccc2)NC(=O)c2ccccc2)cc(OC)c1O,inactive,77.09,445.47500000000025,3.330600000000002,109.25,3.0,6.0,4.113001954328901
CHEMBL1774326,O=C(CSc1ncnc2c1sc1nc(N3CCOCC3)c3c(c12)CCCC3)NCc1ccco1,inactive,90.72,495.63000000000045,3.956400000000003,93.38000000000001,1.0,9.0,4.0422969584511685
CHEMBL1350514,Cc1ccc(C(=O)N/C(=C\c2ccc(-c3cccc([N+](=O)[O-])c3)o2)C(=O)NCCCN(C)C)cc1,inactive,38.57,476.5330000000003,4.002020000000003,117.71999999999998,2.0,6.0,4.413750361133958
CHEMBL1315054,Cc1ccc(C(=O)N/C(=C\c2ccc(-c3ccccc3[N+](=O)[O-])o2)C(=O)NCCCN(C)C)cc1,inactive,41.39,476.53300000000036,4.002020000000003,117.71999999999998,2.0,6.0,4.38310457359924
CHEMBL2316336,CC(C)C[C@H](NC(=O)[C@@H](NC(=O)[C@H](C)NC(=O)[C@H](CO)NC(=O)[C@@H](NC(=O)OCc1ccccc1)[C@@H](C)O)C(C)C)C(=O)N[C@H](C#N)CCC(N)=O,inactive,39.0,732.8359999999999,-1.4104199999999891,291.16999999999996,9.0,11.0,4.4089353929735005
CHEMBL2316337,CC(C)C[C@H](NC(=O)[C@@H](NC(=O)[C@H](C)NC(=O)OCc1ccccc1)C(C)C)C(=O)N[C@H](C#N)CCC(N)=O,intermediate,4.6,544.6530000000002,1.2468800000000035,192.51000000000002,5.0,7.0,5.337242168318426
CHEMBL2316338,CC(C)C[C@H](NC(=O)[C@@H](NC(=O)[C@H](C)NC(=O)OC(C)(C)C)C(C)C)C(=O)N[C@H](C#N)CCC(N)=O,inactive,49.0,510.63600000000037,0.8451800000000034,192.51000000000002,5.0,7.0,4.309803919971486
CHEMBL2316339,Cc1cc(C(=O)N[C@@H](C)C(=O)N[C@H](C(=O)N[C@@H](CC(C)C)C(=O)N[C@H](C#N)CCC(N)=O)C(C)C)no1,inactive,49.0,519.6030000000003,0.046900000000002606,209.31,5.0,8.0,4.309803919971486
CHEMBL473159,Oc1cc(O)cc(O)c1,inactive,200.0,126.11099999999996,0.8033999999999999,60.69,3.0,3.0,3.6989700043360187
CHEMBL459393,Oc1cc(O)c(Oc2cc(O)cc(O)c2Oc2cc(O)cc(O)c2-c2c(O)cc(O)cc2O)c(O)c1,inactive,177.1,498.3960000000002,3.9942000000000064,220.75999999999996,10.0,12.0,3.751781438809925
CHEMBL510508,Oc1cc(O)cc(Oc2c(O)cc(O)c3c2Oc2c(O)cc4oc5c(Oc6cc(O)cc(O)c6)c(O)cc(O)c5c4c2O3)c1,inactive,174.6,602.4600000000003,6.419000000000007,232.12999999999994,9.0,14.0,3.7579557606304492
CHEMBL2391422,Oc1cc(O)cc(Oc2c(O)cc(Oc3c(O)cc(O)cc3O)cc2O)c1,inactive,164.7,374.30100000000004,3.210399999999999,160.07,7.0,9.0,3.7833064008302455
CHEMBL559870,Oc1cc(O)c2oc3cc(O)c4oc5cc(O)cc(O)c5oc4c3oc2c1,inactive,158.3,370.2690000000001,4.323800000000002,153.70999999999998,5.0,9.0,3.800519085137644
CHEMBL559870,Oc1cc(O)c2oc3cc(O)c4oc5cc(O)cc(O)c5oc4c3oc2c1,inactive,146.5,370.2690000000001,4.323800000000002,153.70999999999998,5.0,9.0,3.8341623753098717
CHEMBL40275,O=C1c2cccc(O)c2C(=O)c2c(O)cc(CO)cc21,inactive,132.0,270.23999999999995,1.3654999999999993,94.83,3.0,5.0,3.87942606879415
CHEMBL2391423,Oc1cc(O)cc(Oc2c(Oc3c(O)cc(O)cc3O)cc(O)c3c2Oc2c(O)cc(O)cc2O3)c1,inactive,112.2,496.3800000000002,4.814000000000007,198.75999999999996,8.0,12.0,3.9500071430798576
CHEMBL456228,Oc1cc(O)cc(Oc2c(O)cc(O)c3c2Oc2c(O)cc(Oc4c(O)cc(O)cc4O)cc2O3)c1,inactive,112.0,496.3800000000002,4.814000000000007,198.75999999999996,8.0,12.0,3.9507819773298185
CHEMBL8145,O=c1c(-c2ccc(O)cc2)coc2cc(O)ccc12,inactive,105.0,254.24099999999999,2.871200000000001,70.67,2.0,4.0,3.9788107009300617
CHEMBL508791,Oc1cc(O)cc(Oc2c(O)cc(O)c3c2Oc2c(O)cc(Oc4c(O)cc(Oc5c(O)cc(O)c6c5Oc5c(O)cc(O)cc5O6)cc4O)cc2O3)c1,inactive,68.1,742.5540000000003,7.621099999999999,287.14,11.0,18.0,4.166852888087215
CHEMBL399121,COc1ccc([C@@H]2CC(=O)c3c(O)cc(O)cc3O2)cc1O,inactive,60.0,302.28200000000004,2.518500000000001,96.22000000000001,3.0,6.0,4.221848749616356
CHEMBL456228,Oc1cc(O)cc(Oc2c(O)cc(O)c3c2Oc2c(O)cc(Oc4c(O)cc(O)cc4O)cc2O3)c1,inactive,42.1,496.3800000000002,4.814000000000007,198.75999999999996,8.0,12.0,4.375717904164332
CHEMBL459393,Oc1cc(O)c(Oc2cc(O)cc(O)c2Oc2cc(O)cc(O)c2-c2c(O)cc(O)cc2O)c(O)c1,inactive,22.5,498.3960000000002,3.9942000000000064,220.75999999999996,10.0,12.0,4.647817481888637
CHEMBL510508,Oc1cc(O)cc(Oc2c(O)cc(O)c3c2Oc2c(O)cc4oc5c(Oc6cc(O)cc(O)c6)c(O)cc(O)c5c4c2O3)c1,inactive,16.7,602.4600000000003,6.419000000000007,232.12999999999994,9.0,14.0,4.777283528852417
CHEMBL2391423,Oc1cc(O)cc(Oc2c(Oc3c(O)cc(O)cc3O)cc(O)c3c2Oc2c(O)cc(O)cc2O3)c1,inactive,13.3,496.3800000000002,4.814000000000007,198.75999999999996,8.0,12.0,4.876148359032914
CHEMBL471187,Oc1cc(O)cc(Oc2c(O)cc(O)c3c2Oc2c(O)cc(O)cc2O3)c1,intermediate,8.8,372.2850000000001,3.610500000000002,149.07,6.0,9.0,5.055517327849832
CHEMBL399121,COc1ccc([C@@H]2CC(=O)c3c(O)cc(O)cc3O2)cc1O,intermediate,8.3,302.28200000000004,2.518500000000001,96.22000000000001,3.0,6.0,5.080921907623926
CHEMBL508791,Oc1cc(O)cc(Oc2c(O)cc(O)c3c2Oc2c(O)cc(Oc4c(O)cc(Oc5c(O)cc(O)c6c5Oc5c(O)cc(O)cc5O6)cc4O)cc2O3)c1,intermediate,2.7,742.5540000000003,7.621099999999999,287.14,11.0,18.0,5.568636235841013
CHEMBL2441745,CC(C)C[C@H](NC(=O)[C@H](Cc1cccc2ccccc12)NC(=O)OCc1ccccc1)C(=O)N[C@@H](C[C@@H]1CCNC1=O)C(=O)C(=O)NC(C)C,active,0.61,685.822,3.3129000000000017,171.79999999999998,5.0,7.0,6.214670164989233
CHEMBL2441741,CC(C)C[C@H](NC(=O)[C@H](Cc1cccc2ccccc12)NC(=O)OCc1ccccc1)C(=O)N[C@H](C=O)C[C@@H]1CCNC1=O,active,0.23,600.716,3.418100000000001,142.7,4.0,6.0,6.638272163982407
CHEMBL3099547,CN1C(=O)C(=O)c2cc(S(=O)(=O)N3CCN(CCc4ccccc4)CC3)ccc21,inactive,13.86,413.4990000000002,1.3947000000000003,78.0,0.0,5.0,4.858236769724212
CHEMBL3099546,CN1CCN(S(=O)(=O)c2ccc3c(c2)C(=O)C(=O)N3Cc2ccc3ccccc3c2)CC1,inactive,82.91,449.5320000000002,2.5054000000000007,78.0,0.0,5.0,4.081393084855018
CHEMBL3099545,CN1CCN(S(=O)(=O)c2ccc3c(c2)C(=O)C(=O)N3Cc2ccccc2)CC1,inactive,67.2,399.47200000000015,1.3521999999999996,78.0,0.0,5.0,4.172630726946175
CHEMBL3099544,CN1CCN(S(=O)(=O)c2ccc3c(c2)C(=O)C(=O)N3C)CC1,inactive,11.83,323.3740000000001,-0.21820000000000017,78.0,0.0,5.0,4.927015255372069
CHEMBL3099543,CC1CC(C)CN(S(=O)(=O)c2ccc3c(c2)C(=O)C(=O)N3)C1,intermediate,4.3,322.3860000000001,1.488,83.55000000000001,1.0,4.0,5.366531544420414
CHEMBL3099542,CC1CCCCN1S(=O)(=O)c1ccc2c(c1)C(=O)C(=O)N2,intermediate,2.25,308.35900000000004,1.3845,83.55000000000001,1.0,4.0,5.647817481888637
CHEMBL3099541,CC1CCN(S(=O)(=O)c2ccc3c(c2)C(=O)C(=O)N3)CC1,intermediate,1.18,308.35900000000004,1.2420000000000002,83.55000000000001,1.0,4.0,5.928117992693875
CHEMBL484273,O=C1Nc2ccc(S(=O)(=O)N3CCOCC3)cc2C1=O,inactive,12.66,296.304,-0.15769999999999995,92.78,1.0,5.0,4.897566294318664
CHEMBL61320,O=C1Nc2ccc(S(=O)(=O)N3CCCCC3)cc2C1=O,intermediate,4.45,294.332,0.9960000000000002,83.55000000000001,1.0,4.0,5.351639989019068
CHEMBL3099540,O=C1Nc2ccc(S(=O)(=O)N3CCN(c4ccccn4)CC3)cc2C1=O,inactive,51.33,372.4060000000001,0.7272999999999998,99.68,1.0,6.0,4.289628735739237
CHEMBL3099539,O=C1Nc2ccc(S(=O)(=O)N3CCN(C(=O)c4ccco4)CC3)cc2C1=O,inactive,10.07,389.3890000000001,0.5610999999999997,117.0,1.0,6.0,4.996970529446382
CHEMBL3099538,O=C1Nc2ccc(S(=O)(=O)N3CCN(CCc4ccccc4)CC3)cc2C1=O,inactive,34.91,399.4720000000001,1.3703999999999996,86.78999999999999,1.0,5.0,4.457050151185821
CHEMBL3099537,COc1cc(CN2CCN(S(=O)(=O)c3ccc4c(c3)C(=O)C(=O)N4)CC2)cc(OC)c1OC,inactive,32.08,475.52300000000037,1.3537000000000001,114.48000000000002,1.0,8.0,4.493765640387874
CHEMBL3099536,O=C1Nc2ccc(S(=O)(=O)N3CCN(Cc4cccc(Cl)c4)CC3)cc2C1=O,inactive,31.71,419.8900000000001,1.9812999999999998,86.78999999999999,1.0,5.0,4.498803757972912
CHEMBL3099535,O=C1Nc2ccc(S(=O)(=O)N3CCN(c4cccc(C(F)(F)F)c4)CC3)cc2C1=O,inactive,100.0,439.41500000000013,2.3511000000000006,86.78999999999999,1.0,5.0,4.0
CHEMBL3099534,O=C1Nc2ccc(S(=O)(=O)N3CCN(c4ccc(F)cc4)CC3)cc2C1=O,inactive,100.0,389.40800000000013,1.4714,86.78999999999999,1.0,5.0,4.0
CHEMBL3099533,CN1CCN(S(=O)(=O)c2ccc3c(c2)C(=O)C(=O)N3)CC1,inactive,76.74,309.34700000000004,-0.24249999999999994,86.79,1.0,5.0,4.114978205137702
CHEMBL3099530,CC1CC(C)CN(S(=O)(=O)c2ccc3c(c2)C(=O)C(=O)N3Cc2ccccc2)C1,intermediate,4.7,412.5110000000002,3.0827000000000018,74.76,0.0,4.0,5.327902142064283
CHEMBL3099529,CC1CC(C)CN(S(=O)(=O)c2ccc3c(c2)C(=O)C(=O)N3C)C1,intermediate,2.82,336.4130000000001,1.5123000000000002,74.76,0.0,4.0,5.549750891680639
CHEMBL3099528,CC1CCN(S(=O)(=O)c2ccc3c(c2)C(=O)C(=O)N3Cc2ccc3ccccc3c2)CC1,inactive,17.82,448.5440000000002,3.989900000000003,74.76,0.0,4.0,4.749092300299144
CHEMBL3099527,CC1CCN(S(=O)(=O)c2ccc3c(c2)C(=O)C(=O)N3Cc2ccccc2)CC1,intermediate,1.69,398.48400000000015,2.8367000000000013,74.76,0.0,4.0,5.772113295386326
CHEMBL3099526,CC1CCN(S(=O)(=O)c2ccc3c(c2)C(=O)C(=O)N3C)CC1,intermediate,1.04,322.3860000000001,1.2663000000000002,74.76,0.0,4.0,5.982966660701219
CHEMBL3099525,O=C1C(=O)N(Cc2ccc3ccccc3c2)c2ccc(S(=O)(=O)N3CCOCC3)cc21,inactive,39.87,436.4890000000003,2.5902000000000003,83.99000000000001,0.0,5.0,4.399353764337605
CHEMBL3099524,O=C1C(=O)N(Cc2ccccc2)c2ccc(S(=O)(=O)N3CCOCC3)cc21,inactive,13.86,386.42900000000026,1.437,83.99000000000001,0.0,5.0,4.858236769724212
CHEMBL3099523,CN1C(=O)C(=O)c2cc(S(=O)(=O)N3CCOCC3)ccc21,intermediate,9.91,310.3310000000001,-0.13339999999999952,83.99000000000001,0.0,5.0,5.003926345514724
CHEMBL3099522,O=C1C(=O)N(Cc2ccccc2)c2ccc(S(=O)(=O)N3CCCCC3)cc21,inactive,14.0,384.4570000000003,2.590700000000001,74.76,0.0,4.0,4.853871964321762
CHEMBL3099521,CN1C(=O)C(=O)c2cc(S(=O)(=O)N3CCN(c4ccccn4)CC3)ccc21,intermediate,5.52,386.4330000000001,0.7516,90.89,0.0,6.0,5.2580609222708015
CHEMBL554041,CCCCC(CC)CNC(=N)NC(=N)NCCCCCCNC(=N)NC(=N)NCC(CC)CCCC.Cl.Cl,inactive,25.1,581.7260000000005,5.099880000000004,167.58,10.0,4.0,4.600326278518962
CHEMBL1876821,CN(CC(=O)NC1CCCC1)S(=O)(=O)c1cccc(Cl)c1,inactive,200.0,330.837,2.0192999999999994,66.48,1.0,3.0,3.6989700043360187
CHEMBL3105072,Nc1ccc(F)c(S(=O)(=O)Nc2cccc(C(F)(F)F)c2)c1,inactive,200.0,334.29400000000004,3.227500000000001,72.19,2.0,3.0,3.6989700043360187
CHEMBL3105071,COc1ccccc1CNC(=O)[C@H](C)NS(=O)(=O)c1ccccc1,inactive,200.0,348.42400000000004,1.6783999999999997,84.5,2.0,4.0,3.6989700043360187
CHEMBL1392147,CCOc1ccc(S(=O)(=O)NCc2ccc3c(c2)OCO3)cc1C,inactive,200.0,349.40800000000013,2.6009200000000003,73.86000000000001,1.0,5.0,3.6989700043360187
CHEMBL1732790,OCCCc1nc2ccccc2n1CCOc1ccccc1,inactive,200.0,296.37,3.0402000000000013,47.28,1.0,4.0,3.6989700043360187
CHEMBL1488602,COCCOCCn1c(CCCO)nc2ccccc21,inactive,186.0,278.35200000000003,1.6241999999999994,56.510000000000005,1.0,5.0,3.7304870557820835
CHEMBL1392147,CCOc1ccc(S(=O)(=O)NCc2ccc3c(c2)OCO3)cc1C,inactive,76.7,349.40800000000013,2.6009200000000003,73.86000000000001,1.0,5.0,4.115204636051019
CHEMBL1732790,OCCCc1nc2ccccc2n1CCOc1ccccc1,inactive,74.5,296.37,3.0402000000000013,47.28,1.0,4.0,4.127843727251707
CHEMBL1478361,COc1ccc(N(CC(=O)NCc2ccco2)S(C)(=O)=O)cc1,inactive,61.9,338.3850000000001,1.3706,88.85,1.0,5.0,4.208309350979882
CHEMBL1906723,COc1ccc(C(=O)Cn2c(NCCO)nc3ccccc32)cc1,inactive,40.9,325.368,2.332,76.38,2.0,6.0,4.388276691992658
CHEMBL1487869,Cn1cnc2cc(NC(=O)c3ccc(Cl)cc3)ccc21,inactive,30.9,285.73400000000004,3.479000000000002,46.92,1.0,3.0,4.510041520575165
CHEMBL3105071,COc1ccccc1CNC(=O)[C@H](C)NS(=O)(=O)c1ccccc1,inactive,29.9,348.42400000000004,1.6783999999999997,84.5,2.0,4.0,4.52432881167557
CHEMBL3105075,C(=C/c1ccccc1)\C[N+]1(C/C=C/c2ccccc2)CCN(C(c2ccccc2)c2ccccc2)CC1,inactive,29.8,485.6950000000003,7.335200000000008,3.24,0.0,1.0,4.525783735923745
CHEMBL3105072,Nc1ccc(F)c(S(=O)(=O)Nc2cccc(C(F)(F)F)c2)c1,inactive,29.8,334.29400000000004,3.227500000000001,72.19,2.0,3.0,4.525783735923745
CHEMBL1906723,COc1ccc(C(=O)Cn2c(NCCO)nc3ccccc32)cc1,inactive,28.8,325.368,2.332,76.38,2.0,6.0,4.540607512240769
CHEMBL3105075,C(=C/c1ccccc1)\C[N+]1(C/C=C/c2ccccc2)CCN(C(c2ccccc2)c2ccccc2)CC1,inactive,28.3,485.6950000000003,7.335200000000008,3.24,0.0,1.0,4.548213564475709
CHEMBL1487869,Cn1cnc2cc(NC(=O)c3ccc(Cl)cc3)ccc21,inactive,27.6,285.73400000000004,3.479000000000002,46.92,1.0,3.0,4.559090917934782
CHEMBL1488602,COCCOCCn1c(CCCO)nc2ccccc21,inactive,25.6,278.35200000000003,1.6241999999999994,56.510000000000005,1.0,5.0,4.59176003468815
CHEMBL3105074,O=C(c1cncc(Br)c1)N1CCN(Cc2ccsc2)CC1,inactive,24.5,366.2840000000001,2.863600000000001,36.440000000000005,0.0,4.0,4.610833915635467
CHEMBL554041,CCCCC(CC)CNC(=N)NC(=N)NCCCCCCNC(=N)NC(=N)NCC(CC)CCCC.Cl.Cl,inactive,24.5,581.7260000000005,5.099880000000004,167.58,10.0,4.0,4.610833915635467
CHEMBL3105076,Nc1ncnc2[nH]c(C(F)(F)F)nc12,inactive,20.4,203.12699999999995,0.9539000000000002,80.48,2.0,4.0,4.690369832574101
CHEMBL1487869,Cn1cnc2cc(NC(=O)c3ccc(Cl)cc3)ccc21,inactive,18.2,285.73400000000004,3.479000000000002,46.92,1.0,3.0,4.739928612014925
CHEMBL554041,CCCCC(CC)CNC(=N)NC(=N)NCCCCCCNC(=N)NC(=N)NCC(CC)CCCC.Cl.Cl,inactive,17.8,581.7260000000005,5.099880000000004,167.58,10.0,4.0,4.749579997691106
CHEMBL1478361,COc1ccc(N(CC(=O)NCc2ccco2)S(C)(=O)=O)cc1,inactive,16.1,338.3850000000001,1.3706,88.85,1.0,5.0,4.79317412396815
CHEMBL3105076,Nc1ncnc2[nH]c(C(F)(F)F)nc12,inactive,13.9,203.12699999999995,0.9539000000000002,80.48,2.0,4.0,4.856985199745905
CHEMBL3105074,O=C(c1cncc(Br)c1)N1CCN(Cc2ccsc2)CC1,inactive,10.8,366.2840000000001,2.863600000000001,36.440000000000005,0.0,4.0,4.966576244513051
CHEMBL3105073,S=C(NCc1cccnc1)SCc1cc(Cl)sc1Cl,intermediate,9.2,349.33299999999997,4.757800000000002,24.92,1.0,4.0,5.036212172654444
CHEMBL3105076,Nc1ncnc2[nH]c(C(F)(F)F)nc12,intermediate,2.2,203.12699999999995,0.9539000000000002,80.48,2.0,4.0,5.657577319177793
CHEMBL1876821,CN(CC(=O)NC1CCCC1)S(=O)(=O)c1cccc(Cl)c1,active,0.94,330.837,2.0192999999999994,66.48,1.0,3.0,6.026872146400302
CHEMBL3105073,S=C(NCc1cccnc1)SCc1cc(Cl)sc1Cl,active,0.16,349.33299999999997,4.757800000000002,24.92,1.0,4.0,6.795880017344075
CHEMBL3810366,CC1=NN(c2cccc(C(=O)O)c2)C(=O)/C1=C\c1ccc(-c2cc(Cl)ccc2C(=O)O)o1,inactive,50.0,450.8340000000001,4.802500000000003,120.41,2.0,5.0,4.301029995663981
CHEMBL3810109,O=C(O)c1cccc(N2N=C(C(F)(F)F)/C(=C/c3ccc(-c4cc(Cl)ccc4C(=O)O)o3)C2=O)c1,inactive,50.0,504.8040000000002,5.344900000000003,120.41,2.0,5.0,4.301029995663981
CHEMBL3808558,O=C(O)c1cccc(N2N=C(C(F)(F)F)/C(=C\c3ccc(-c4ccccc4C(=O)O)o3)C2=O)c1,inactive,50.0,470.35900000000015,4.691500000000002,120.41,2.0,5.0,4.301029995663981
CHEMBL3808795,O=C(O)c1cccc(N2N=C(c3ccccc3)/C(=C/c3ccc(-c4cc(Cl)ccc4C(=O)O)o3)C2=O)c1,inactive,44.7,512.9050000000003,5.830900000000004,120.41,2.0,5.0,4.349692476868063
CHEMBL3810010,CC1=NN(c2ccccc2)C(=O)/C1=C\c1ccc(-c2cc(Cl)ccc2C(=O)O)o1,inactive,50.0,406.8250000000001,5.104300000000003,83.11,1.0,4.0,4.301029995663981
CHEMBL3810328,O=C(O)c1ccc(Cl)cc1-c1ccc(/C=C2\C(=O)N(c3ccccc3)N=C2c2ccccc2)o1,inactive,16.4,468.89600000000013,6.132700000000005,83.11,1.0,4.0,4.785156151952302
CHEMBL3808658,O=C(O)c1ccc(Cl)cc1-c1ccc(/C=C2\C(=O)N(c3ccc(F)cc3)N=C2c2ccccc2)o1,inactive,20.2,486.88600000000014,6.271800000000004,83.11,1.0,4.0,4.694648630553377
CHEMBL3809329,CC(C)c1ccc(N2N=C(c3ccccc3)/C(=C/c3ccc(-c4cc(Cl)ccc4C(=O)O)o3)C2=O)cc1,intermediate,6.0,510.9770000000002,7.256100000000005,83.11000000000001,1.0,4.0,5.221848749616356
CHEMBL3808427,CC(C)(C)c1ccc(N2N=C(c3ccccc3)/C(=C/c3ccc(-c4cc(Cl)ccc4C(=O)O)o3)C2=O)cc1,intermediate,5.8,525.0040000000002,7.430200000000006,83.11000000000001,1.0,4.0,5.236572006437063
CHEMBL3810058,O=C1/C(=C\c2ccc(-c3ccccc3)o2)C(c2ccccc2)=NN1c1ccccc1,inactive,50.0,390.44200000000006,5.781100000000005,45.81,0.0,3.0,4.301029995663981
CHEMBL3809861,O=C(O)c1cccc(N2N=C(c3ccccc3)/C(=C/c3ccc(-c4ccccc4)o3)C2=O)c1,intermediate,6.4,434.4510000000002,5.479300000000005,83.10999999999999,1.0,4.0,5.1938200260161125
CHEMBL3809159,CC1=NN(c2cccc(C(=O)O)c2)C(=O)/C1=C\c1ccc(-c2ccccc2)o1,inactive,50.0,372.38000000000005,4.450900000000003,83.11,1.0,4.0,4.301029995663981
CHEMBL3810361,O=C(O)c1ccccc1-c1ccc(/C=C2\C(=O)N(c3ccccc3)N=C2c2ccccc2)o1,inactive,41.2,434.4510000000001,5.479300000000004,83.11,1.0,4.0,4.3851027839668655
CHEMBL3810325,O=C(O)c1ccccc1-c1ccc(/C=C2\C(=O)N(c3ccc(F)cc3)N=C2c2ccccc2)o1,inactive,37.5,452.4410000000001,5.618400000000005,83.11,1.0,4.0,4.425968732272281
CHEMBL3809506,CC(C)c1ccc(N2N=C(c3ccccc3)/C(=C/c3ccc(-c4ccccc4C(=O)O)o3)C2=O)cc1,inactive,11.7,476.5320000000002,6.602700000000006,83.11000000000001,1.0,4.0,4.931814138253839
CHEMBL3809579,CC(C)(C)c1ccc(N2N=C(c3ccccc3)/C(=C/c3ccc(-c4ccccc4C(=O)O)o3)C2=O)cc1,intermediate,8.6,490.55900000000025,6.776800000000006,83.11000000000001,1.0,4.0,5.0655015487564325
CHEMBL3809498,N#Cc1ccc(N2N=C(c3ccccc3)/C(=C/c3ccc(-c4ccccc4C(=O)O)o3)C2=O)cc1,inactive,18.7,459.46100000000024,5.350980000000004,106.9,1.0,5.0,4.728158393463501
CHEMBL3809059,COc1ccc(N2N=C(c3ccccc3)/C(=C/c3ccc(-c4ccccc4C(=O)O)o3)C2=O)cc1,inactive,30.7,464.47700000000026,5.487900000000004,92.34,1.0,5.0,4.512861624522814
CHEMBL3809833,O=C(O)c1cccc(N2N=C(c3ccccc3)/C(=C/c3ccco3)C2=O)c1,inactive,50.0,358.3530000000001,3.812300000000003,83.10999999999999,1.0,4.0,4.301029995663981
CHEMBL3809053,O=C(O)c1cccc(N2N=C(c3ccccc3)/C(=C/c3ccc(-c4ccccc4)cc3)C2=O)c1,intermediate,6.7,444.4900000000002,5.886300000000005,69.97,1.0,3.0,5.173925197299174
CHEMBL3809926,O=C(O)c1cccc(N2N=C(c3ccccc3)/C(=C/c3ccc(OCc4ccccc4)cc3)C2=O)c1,inactive,15.7,474.51600000000025,5.798300000000005,79.19999999999999,1.0,4.0,4.804100347590766
CHEMBL3818593,CC(=O)N[C@@H](CCC(=O)O)C(=O)N[C@@H](CO)C(=O)N[C@H](C(=O)N[C@@H](CC(C)C)C(=O)N[C@@H](CCC(N)=O)C(=O)O)[C@@H](C)O,intermediate,7.5,618.6410000000004,-3.9355999999999987,303.65000000000003,10.0,10.0,5.1249387366083
CHEMBL3818400,CC(=O)N[C@@H](CC(=O)O)C(=O)N[C@@H](CO)C(=O)N[C@H](C(=O)N[C@@H](CC(C)C)C(=O)N[C@@H](CCC(N)=O)C(=O)O)[C@@H](C)O,inactive,10.0,604.6140000000004,-4.325699999999997,303.65000000000003,10.0,10.0,5.0
CHEMBL3818761,CC(=O)N[C@@H](Cc1cnc[nH]1)C(=O)N[C@@H](CO)C(=O)N[C@H](C(=O)N[C@@H](CC(C)C)C(=O)N[C@@H](CCC(N)=O)C(=O)O)[C@@H](C)O,inactive,50.0,626.6680000000003,-3.8345999999999987,295.03000000000003,10.0,10.0,4.301029995663981
CHEMBL3818000,CC(=O)N[C@@H](CC(N)=O)C(=O)N[C@@H](CO)C(=O)N[C@H](C(=O)N[C@@H](CO)C(=O)N[C@@H](CCC(N)=O)C(=O)O)[C@@H](C)O,intermediate,7.5,577.5480000000003,-6.978800000000008,329.67,11.0,11.0,5.1249387366083
CHEMBL3818028,CC(=O)N[C@@H](CC(N)=O)C(=O)N[C@@H](CO)C(=O)N[C@H](C(=O)N[C@@H](CC(=O)O)C(=O)N[C@@H](CCC(N)=O)C(=O)O)[C@@H](C)O,inactive,20.0,605.5580000000003,-6.496400000000004,346.74,11.0,11.0,4.698970004336019
CHEMBL4214066,CC(C)C[C@H](NC(=O)OC1CCN(C(=O)OC(C)(C)C)CC1)C(=O)N[C@H](C=O)C[C@@H]1CCNC1=O,intermediate,2.1,496.6050000000003,1.736700000000001,143.14,3.0,7.0,5.6777807052660805
CHEMBL4208240,CC(C)C[C@H](NC(=O)OC1CCN(C(=O)OC(C)(C)C)CC1)C(=O)N[C@@H](C[C@@H]1CCNC1=O)C(O)S(=O)(=O)[O-].[Na+],intermediate,5.1,600.6670000000004,-2.5945999999999922,203.49999999999997,4.0,10.0,5.292429823902063
CHEMBL4209146,CC(C)C[C@H](NC(=O)OC1CCN(S(C)(=O)=O)CC1)C(=O)N[C@H](C=O)C[C@@H]1CCNC1=O,inactive,28.8,474.5800000000003,-0.23879999999999563,150.98,3.0,7.0,4.540607512240769
CHEMBL4213159,CC(C)C[C@H](NC(=O)OC1CCN(S(C)(=O)=O)CC1)C(=O)N[C@@H](C[C@@H]1CCNC1=O)C(O)S(=O)(=O)[O-].[Na+],inactive,42.1,578.6420000000004,-4.570099999999997,211.33999999999997,4.0,10.0,4.375717904164332
CHEMBL4202812,CC(C)C[C@H](NC(=O)OC1(Cc2ccccc2)CCN(C(=O)OC(C)(C)C)CC1)C(=O)N[C@H](C=O)C[C@@H]1CCNC1=O,intermediate,5.2,586.7300000000002,3.3496000000000015,143.14,3.0,7.0,5.2839966563652006
CHEMBL4203883,CC(C)C[C@H](NC(=O)OC1(Cc2ccccc2)CCN(C(=O)OC(C)(C)C)CC1)C(=O)N[C@@H](C[C@@H]1CCNC1=O)C(O)S(=O)(=O)[O-].[Na+],intermediate,6.3,690.7920000000005,-0.9816999999999927,203.49999999999997,4.0,10.0,5.200659450546418
CHEMBL4214471,CC(C)C[C@H](NC(=O)OC1(Cc2ccccc2)CCN(S(C)(=O)=O)CC1)C(=O)N[C@H](C=O)C[C@@H]1CCNC1=O,intermediate,3.9,564.7050000000003,1.374100000000002,150.98,3.0,7.0,5.4089353929735005
CHEMBL4208764,CC(C)C[C@H](NC(=O)OC1(Cc2ccccc2)CCN(S(C)(=O)=O)CC1)C(=O)N[C@@H](C[C@@H]1CCNC1=O)C(O)S(=O)(=O)[O-].[Na+],intermediate,4.3,668.7670000000005,-2.957199999999991,211.33999999999997,4.0,10.0,5.366531544420414
CHEMBL4212620,CCC1(OC(=O)N[C@@H](CC(C)C)C(=O)N[C@H](C=O)C[C@@H]2CCNC2=O)CCN(C(=O)OC(C)(C)C)CC1,intermediate,5.5,524.6590000000004,2.5169000000000006,143.14,3.0,7.0,5.259637310505756
CHEMBL4216101,CCC1(OC(=O)N[C@@H](CC(C)C)C(=O)N[C@@H](C[C@@H]2CCNC2=O)C(O)S(=O)(=O)[O-])CCN(C(=O)OC(C)(C)C)CC1.[Na+],intermediate,4.1,628.7210000000001,-1.8143999999999907,203.5,4.0,10.0,5.3872161432802645
CHEMBL4217568,CCOC(=O)N1CCC(OC(=O)N[C@@H](CC(C)C)C(=O)N[C@H](C=O)C[C@@H]2CCNC2=O)CC1,intermediate,3.2,468.55100000000033,0.9581000000000015,143.14,3.0,7.0,5.494850021680094
CHEMBL4204431,CCOC(=O)N1CCC(OC(=O)N[C@@H](CC(C)C)C(=O)N[C@@H](C[C@@H]2CCNC2=O)C(O)S(=O)(=O)[O-])CC1.[Na+],intermediate,8.8,572.6130000000002,-3.3731999999999935,203.49999999999997,4.0,10.0,5.055517327849832
